{
  "run_tag": "20251229_181518",
  "mean_bal_acc": 0.5513117283950617,
  "mean_kappa": 0.3667695473251029,
  "per_subject": [
    {
      "subject": "S01",
      "bal_acc": 0.53125,
      "kappa": 0.375
    },
    {
      "subject": "S02",
      "bal_acc": 0.5416666666666666,
      "kappa": 0.38888888888888884
    },
    {
      "subject": "S03",
      "bal_acc": 0.48263888888888884,
      "kappa": 0.31018518518518523
    },
    {
      "subject": "S04",
      "bal_acc": 0.5277777777777778,
      "kappa": 0.05555555555555558
    },
    {
      "subject": "S05",
      "bal_acc": 0.7291666666666667,
      "kappa": 0.6388888888888888
    },
    {
      "subject": "S06",
      "bal_acc": 0.4444444444444444,
      "kappa": 0.2592592592592593
    },
    {
      "subject": "S07",
      "bal_acc": 0.6388888888888888,
      "kappa": 0.5185185185185186
    },
    {
      "subject": "S08",
      "bal_acc": 0.6041666666666666,
      "kappa": 0.4722222222222222
    },
    {
      "subject": "S09",
      "bal_acc": 0.4618055555555556,
      "kappa": 0.28240740740740744
    }
  ],
  "config": {
    "DATA_ROOT": "./data",
    "EPOCHS_SUFFIX": "-epo.fif",
    "TARGET_SFREQ": 250,
    "TMIN": -0.2,
    "TMAX": 0.8,
    "BANDPASS": [
      1.0,
      40.0
    ],
    "NOTCH": 50.0,
    "BATCH_SIZE": 64,
    "EPOCHS": 30,
    "LR": 0.001,
    "DANN_WARMUP_EPOCHS": 5,
    "LAMBDA_DOMAIN": 0.5,
    "TSNE_MAX_BATCHES": 12,
    "TSNE_PERPLEXITY": 30
  }
}